Node,Element Type,BACnet Object Name,BACnet Object Identifier,Text,Link Target,Center X,Center Y,Left,Top,Width,Height,Center X %,Center Y %,Hidden,Note
1,State Indicator (Square),NAE189/Field Bus1.GTP-TRT48.TW48-BLWDWN-S,BI:3002967,,,580.5,243.0,557.0,232.0,47.0,22.0,38.62,31.64,,
2,State Indicator (Square),NAE189/Field Bus1.GTP-TOWER48.TW5-V,BO:3003171,,,676.5,144.0,657.1,134.4,38.8,19.1,45.01,18.75,,
3,State Indicator (Square),NAE189/Field Bus1.GTP-TRT48.CW-SANDFLTR-BW,BI:3002970,,,1273.5,633.0,1261.5,625.7,24.0,14.6,84.73,82.42,,
4,State Indicator (Circle),NAE189/Field Bus1.GTP-TRT23.TW23-BLWDWN-S,BI:3002514,,,476.5,175.0,468.2,166.6,16.7,16.7,31.7,22.78,,
5,State Indicator (Square),NAE189/Field Bus1.GTP-TOWER48.TW8-V,BO:3003191,,,1084.5,144.0,1065.1,134.4,38.8,19.1,72.16,18.75,,
6,State Indicator (Square),NAE189/Field Bus1.GTP-LP.LP4-VLV,BO:3002711,,,52.5,714.5,32.5,705.0,40.0,19.0,3.49,93.03,,
7,State Indicator (Square),NAE189/Field Bus1.GTP-LP.CW-BLWDWN,BO:3002712,,,1251.5,722.0,1232.8,713.9,37.5,16.2,83.27,94.01,,
8,State Indicator (Square),NAE189/Field Bus1.GTP-TOWER48.TW7-V,BO:3003180,,,948.5,144.0,929.1,134.4,38.8,19.1,63.11,18.75,,
9,State Indicator (Square),NAE189/Programming.Data Points.INLET-CLG-S,BV:3003885,,,1436.0,400.5,1385.5,374.0,101.0,53.0,95.54,52.15,,
10,State Indicator (Square),NAE189/Field Bus1.GTP-TOWER48.TW4-V,BO:3003170,,,546.5,144.0,527.1,134.4,38.8,19.1,36.36,18.75,,
11,State Indicator (Triangle),NAE189/Field Bus1.GTP-CH3.Parameters.CH3-ALARM,MV:3002825,,,302.5,466.0,294.9,458.7,15.2,14.6,20.13,60.68,,
12,State Indicator (Square),NAE189/Field Bus1.GTP-TRT23.TW23-BLWDWN-S,BI:3002514,,,52.0,307.0,28.5,296.0,47.0,22.0,3.46,39.97,,
13,State Indicator (Square),NAE189/Field Bus1.GTP-LP.LP3-VLV,BO:3002716,,,129.5,714.5,109.5,705.0,40.0,19.0,8.62,93.03,,
14,State Indicator (Circle),NAE189/Field Bus1.GTP-TRT48.TW48-BLWDWN-S,BI:3002967,,,1312.5,179.0,1304.2,170.7,16.7,16.7,87.33,23.31,,
15,State Indicator (Square),NAE189/Field Bus1.GTP-TOWER48.TW6-V,BO:3003172,,,812.5,144.0,793.1,134.4,38.8,19.1,54.06,18.75,,
16,State Indicator (Square),NAE189/Field Bus1.GTP-CH4.CH4-ENABLE,BO:3002871,,,625.5,534.1,596.6,512.0,57.7,44.1,41.62,69.54,,
17,State Indicator (Square),NAE189/Field Bus1.GTP-CH5.CH5-ENABLE,BO:3002926,,,950.5,534.0,921.6,511.9,57.7,44.1,63.24,69.53,,
18,State Indicator (Square),NAE189/Field Bus1.GTP-CH3.CH3-ENABLE,BO:3002758,,,316.0,521.0,292.5,502.9,47.0,36.3,21.02,67.84,,
19,State Indicator (Triangle),NAE189/Field Bus1.GTP-CH1.Parameters.CH1-SMRT-ALARM,MV:3002790,,,132.5,451.0,124.9,443.7,15.2,14.6,8.82,58.72,,
20,State Indicator (Triangle),NAE189/Field Bus1.GTP-TRT48.CW-CLO2-ALARM,BI:3002968,,,1460.5,694.0,1452.5,687.5,16.0,13.0,97.17,90.36,,
21,State Indicator (Square),NAE189/Field Bus1.GTP-CH1.CH1-ENABLE,BO:3002738,,,85.1,433.5,67.6,415.0,34.9,37.0,5.66,56.45,,
22,State Indicator (Square),NAE189/Field Bus1.GTP-LP.LP2-VLV,BO:3002713,,,205.5,714.5,185.5,705.0,40.0,19.0,13.67,93.03,,
23,State Indicator (Square),NAE189/Field Bus1.GTP-LP.LP1-VLV,BO:3002714,,,290.5,714.5,270.5,705.0,40.0,19.0,19.33,93.03,,
24,State Indicator (Square),NAE189/Field Bus1.GTP-CH3.CH3-STMBLW-V,BO:3004334,,,470.5,449.8,451.8,442.1,37.4,15.6,31.3,58.57,,
25,Fan Animation,NAE189/Field Bus1.GTP-TRT23.TW23-INHIB-S,BI:3002513,,,476.5,194.0,464.7,184.0,23.5,19.9,31.7,25.26,,
26,Fan Animation,NAE189/Field Bus1.GTP-TOWER48.TF7-S,BI:3003174,,,989.5,62.0,974.2,50.0,30.5,24.0,65.83,8.07,,
27,Fan Animation,NAE45/Field Bus1.AH-2.BP-S,BI:3219184,,,1361.5,326.0,1347.9,314.2,27.2,23.5,90.59,42.45,,Point on NAE45 (outside the five controllers)
28,Fan Animation,NAE189/Field Bus1.GTP-TRT23.TW23-NONOX-S,BI:3002515,,,476.5,232.0,464.7,222.0,23.5,19.9,31.7,30.2,,
29,Fan Animation,NAE189/Field Bus1.GTP-BP.BP2-S,BI:3002501,,,1244.5,559.0,1232.1,548.6,24.8,20.8,82.8,72.79,,
30,Fan Animation,NAE189/Field Bus1.GTP-AH5.AH5 SF-S,BI:3003000,,,1399.5,451.0,1391.5,442.5,16.0,17.0,93.11,58.72,,
31,Fan Animation,NAE189/Field Bus1.GTP-CH3.CH3-S,BI:3002756,,,372.5,488.0,344.0,465.5,57.0,45.0,24.78,63.54,,
32,Fan Animation,NAE189/Field Bus1.GTP-TOWER48.TF6-S,BI:3003178,,,853.5,62.0,838.2,50.0,30.5,24.0,56.79,8.07,,
33,Fan Animation,NAE189/Field Bus1.GTP-LP.LP1-S,BI:3002644,,,333.5,698.0,317.3,682.5,32.3,31.0,22.19,90.89,,
34,Fan Animation,NAE189/Field Bus1.GTP-TRT23.TW23-OX-S,BI:3002519,,,476.5,214.0,464.7,204.0,23.5,19.9,31.7,27.86,,
35,Fan Animation,NAE189/Field Bus1.GTP-TRT23.TW23-CHMP-S,BI:3002512,,,420.5,267.0,410.0,256.3,21.0,21.4,27.98,34.77,,
36,Fan Animation,NAE189/Field Bus1.GTP-AH5.AH5 UH-SS,BO:3002994,,,401.5,324.0,388.8,312.6,25.3,22.9,26.71,42.19,,
37,Fan Animation,NAE189/Field Bus1.GTP-CH5.CH5-S,BI:3002924,,,1021.5,495.0,986.7,466.0,69.5,57.9,67.96,64.45,,
38,Fan Animation,NAE189/Field Bus1.GTP-CH3.CH3-TP3-S,BI:3002750,,,277.5,302.0,258.0,286.5,39.0,31.0,18.46,39.32,,
39,Fan Animation,NAE189/Field Bus1.GTP-CH5.CH5-CP5-S,BI:3002920,,,1013.4,604.0,996.3,589.3,34.2,29.5,67.42,78.65,,
40,Fan Animation,NAE189/Field Bus1.GTP-TRT48.TW48-INHIB-S,BI:3002966,,,1312.5,198.0,1300.7,188.0,23.5,19.9,87.33,25.78,,
41,Fan Animation,NAE189/Field Bus1.GTP-TRT48.CW-SANDFLTR-PUMP,BI:3003019,,,1300.5,652.0,1291.5,644.0,18.0,16.0,86.53,84.9,,
42,Fan Animation,NAE189/Field Bus1.GTP-TRT48.TW48-OX-S,BI:3002977,,,1312.5,218.0,1300.7,208.0,23.5,19.9,87.33,28.39,,
43,Fan Animation,NAE189/Field Bus1.GTP-CH1.CH1-TP2-S,BI:3002726,,,102.5,310.6,88.9,296.2,27.3,28.8,6.82,40.44,,
44,Fan Animation,NAE189/Field Bus1.GTP-TRT48.TW48-NONOX-S,BI:3002973,,,1312.5,236.0,1300.7,226.0,23.5,19.9,87.33,30.73,,
45,Fan Animation,NAE189/Field Bus1.GTP-CH4.CH4-CP4-S,BI:3002865,,,690.5,604.0,673.4,589.3,34.2,29.5,45.94,78.65,,
46,Fan Animation,NAE189/Field Bus1.GTP-TOWER23.TW3F1-S,BI:3002574,,,76.5,61.0,61.2,49.0,30.5,24.0,5.09,7.94,,
47,Fan Animation,NAE189/Field Bus1.GTP-CH1.CH1-S,BI:3002733,,,105.5,470.0,85.5,450.0,40.0,40.0,7.02,61.2,,
48,Fan Animation,NAE189/Programming.Data Points.INLET-CLG-S,BV:3003885,,,1331.5,409.0,1318.6,398.1,25.8,21.8,88.59,53.26,,
49,Fan Animation,NAE189/Field Bus1.GTP-TRT48.TW48-CHMP-S,BI:3002965,,,1244.5,273.0,1234.0,262.3,21.0,21.4,82.8,35.55,,
50,Fan Animation,NAE189/Field Bus1.GTP-TRT48.CW-CHMP-S,BI:3004338,,,1371.7,622.2,1361.9,615.0,19.6,14.5,91.26,81.02,,
51,Fan Animation,NAE189/Field Bus1.GTP-CH4.CH4-S,BI:3002869,,,696.5,495.0,661.7,466.0,69.5,57.9,46.34,64.45,,
52,Fan Animation,NAE189/Field Bus1.GTP-TOWER23.TW2F1-S,BI:3002555,,,282.5,61.0,267.2,49.0,30.5,24.0,18.8,7.94,,
53,Fan Animation,NAE189/Field Bus1.GTP-TOWER23.TW3F2-S,BI:3002571,,,140.5,61.0,125.2,49.0,30.5,24.0,9.35,7.94,,
54,Fan Animation,NAE189/Field Bus1.GTP-TOWER23.TW2F2-S,BI:3002558,,,351.5,61.0,336.2,49.0,30.5,24.0,23.39,7.94,,
55,Fan Animation,NAE189/Field Bus1.GTP-TRT23.TW23-ACID-S,BI:3002518,,,476.5,157.0,464.7,147.0,23.5,19.9,31.7,20.44,,
56,Fan Animation,NAE189/Field Bus1.GTP-LP.LP3-S,BI:3002630,,,172.5,698.0,156.3,682.5,32.3,31.0,11.48,90.89,,
57,Fan Animation,NAE189/Field Bus1.GTP-AH5.AH5 BP3-S,BI:3003008,,,1259.5,469.0,1248.9,459.0,21.1,20.0,83.8,61.07,,
58,Fan Animation,NAE189/Field Bus1.GTP-LP.LP4-S,BI:3002634,,,94.5,698.0,78.3,682.5,32.3,31.0,6.29,90.89,,
59,Fan Animation,NAE189/Field Bus1.GTP-CH3.CH3-CP3-S,BI:3002752,,,366.5,587.0,352.9,572.6,27.3,28.8,24.38,76.43,,
60,Fan Animation,NAE189/Field Bus1.GTP-TOWER48.TF5-S,BI:3003177,,,717.5,62.0,702.2,50.0,30.5,24.0,47.74,8.07,,
61,Fan Animation,NAE189/Field Bus1.GTP-TOWER48.TP4-S,BI:3003195,,,1052.5,264.0,1035.0,247.5,34.9,32.9,70.03,34.38,,
62,Fan Animation,NAE189/Field Bus1.GTP-TOWER48.TF8-S,BI:3003182,,,1128.0,60.9,1112.7,48.9,30.5,24.0,75.05,7.93,,
63,Fan Animation,NAE189/Field Bus1.GTP-TOWER48.TP5-S,BI:3003197,,,1084.5,264.0,1067.0,247.5,34.9,32.9,72.16,34.38,,
64,Fan Animation,NAE189/Field Bus1.GTP-LP.LP2-S,BI:3002650,,,247.5,698.0,231.3,682.5,32.3,31.0,16.47,90.89,,
65,Fan Animation,NAE189/Field Bus1.GTP-CH1.CH1-CP1-S,BI:3002734,,,106.5,585.0,92.9,570.6,27.3,28.8,7.09,76.17,,
66,Fan Animation,NAE189/Field Bus1.GTP-TOWER48.TF4-S,BI:3003162,,,584.5,63.0,569.2,51.0,30.5,24.0,38.89,8.2,,
67,Fan Animation,NAE189/Field Bus1.GTP-TRT48.TW48-ACID-S,BI:3002976,,,1312.5,161.0,1300.7,151.1,23.5,19.9,87.33,20.97,,
68,Fan Animation,NAE189/Field Bus1.GTP-BP.BP1-S,BI:3002497,,,1244.5,540.0,1232.1,529.6,24.8,20.8,82.8,70.31,,
69,Value Display,NAE189/Field Bus1.GTP-LP.LP1-VLV,BO:3002714,,,290.5,714.5,273.5,708.2,34.0,12.6,19.33,93.03,,
70,Value Display,NAE189/Field Bus1.GTP-TOWER48.TW4S-T,AI:3003205,,,613.5,165.0,596.7,157.7,33.6,14.5,40.82,21.48,,
71,Value Display,NAE189/Field Bus1.GTP-CH1.Parameters.Alarm Reset,MV:3002788,,,167.7,400.0,152.8,393.0,29.7,13.9,11.16,52.08,,
72,Value Display,NAE189/Field Bus1.GTP-CH1.CH1-TW-F,AI:3002729,,,126.5,352.0,103.1,345.5,46.8,13.0,8.42,45.83,,
73,Value Display,NAE189/Field Bus1.GTP-CH4.CH4-CHW-F,AI:3002864,,,765.5,602.0,740.6,595.5,49.8,13.0,50.93,78.39,,
74,Value Display,NAE189/Field Bus1.GTP-LP.Parameters.LPSC SL-OUTSTATE,MV:3003865,,,598.5,694.1,576.6,688.2,43.8,11.8,39.82,90.38,,
75,Value Display,NAE189/Field Bus1.GTP-CH5.CH5-TW-F,AI:3002932,,,823.7,333.0,800.0,326.5,47.5,13.0,54.81,43.36,,
76,Value Display,NAE189/Field Bus1.GTP-TOWER23.TW2R-T,AI:3002566,,,243.5,144.0,226.7,136.7,33.6,14.5,16.2,18.75,,
77,Value Display,NAE189/Field Bus1.GTP-LP.PCWS-T,AI:3002643,,,1336.5,724.0,1319.7,716.7,33.6,14.5,88.92,94.27,,
78,Value Display,NAE189/Field Bus1.GTP-CH4.CH4-HAND,BI:3002861,,,625.5,534.0,608.8,528.6,33.4,10.8,41.62,69.53,,
79,Value Display,NAE189/Field Bus1.GTP-TOWER23.Parameters.TF-TWST-WSP,AV:3002598,,,285.5,226.0,267.5,218.7,36.1,14.6,19.0,29.43,,
80,Value Display,NAE45/Field Bus1.AH-2.BCW-DP,AI:3219183,,,1356.3,344.0,1335.0,337.2,42.5,13.6,90.24,44.79,,Point on NAE45 (outside the five controllers)
81,Value Display,NAE189/Field Bus1.GTP-LP.LP3-SS,BO:3002651,,,141.5,676.0,123.5,669.4,36.1,13.2,9.41,88.02,,
82,Value Display,NAE189/Field Bus1.GTP-CH1.CH1-AUTO,BI:3002735,,,85.1,422.0,72.4,417.5,25.4,9.0,5.66,54.95,,
83,Value Display,NAE189/Field Bus1.GTP-BP.INCWS-T2,AI:3002495,,,1369.5,409.0,1355.6,402.9,27.8,12.3,91.12,53.26,,
84,Value Display,NAE189/Programming.PCW Data.GTP-TF-KWpTon,AV:3002842,,,1450.5,294.0,1431.0,286.7,39.0,14.6,96.51,38.28,,
85,Value Display,NAE189/Field Bus1.GTP-TOWER48.Parameters.TW8-OAWB,AV:3003211,,,1262.5,59.0,1246.5,51.9,32.1,14.2,84.0,7.68,,
86,Value Display,NAE189/Field Bus1.GTP-TOWER23.TW2-LVL,AI:3002559,,,411.5,100.0,393.3,93.1,36.3,13.7,27.38,13.02,,
87,Value Display,NAE189/Field Bus1.GTP-CH4.CH4-TWR-T2,AI:3002870,,,606.5,352.0,589.7,344.7,33.6,14.5,40.35,45.83,,
88,Value Display,NAE189/Field Bus2.BNET-CH5.TURBINE SPEED,AV:3008239,,,1020.0,425.9,993.5,418.6,53.0,14.7,67.86,55.46,,
89,Value Display,NAE189/Field Bus1.GTP-TOWER48.Parameters.CH45-TW-F,AV:3003363,,,884.3,277.0,857.1,268.0,54.4,18.0,58.84,36.07,,
90,Value Display,NAE189/Field Bus1.GTP-CH4.CH4-AUTO,BI:3002858,,,625.5,521.0,608.8,515.6,33.4,10.8,41.62,67.84,,
91,Value Display,NAE45/Programming.Weather Station.OA-RH,AV:3021784,,,1448.5,100.0,1428.4,91.6,40.1,16.8,96.37,13.02,,Point on NAE45 (outside the five controllers)
92,Value Display,NAE189/Programming.Data Points.PCW-LOAD,AV:3017287,,,714.0,693.0,667.5,685.5,93.0,15.0,47.5,90.23,,
93,Value Display,NAE189/Field Bus1.GTP-CH4.CH4-STM-F,AI:3002859,,,788.2,481.0,764.1,473.5,48.2,15.0,52.45,62.63,,
94,Value Display,NAE189/Field Bus1.GTP-TOWER48.TP4-SS,BO:3003199,,,1014.5,246.0,996.5,239.4,36.1,13.2,67.5,32.03,,
95,Value Display,NAE189/Field Bus1.GTP-TOWER48.TW4-V,BO:3003170,,,546.5,144.0,529.5,137.7,34.0,12.6,36.36,18.75,,
96,Value Display,NAE189/Field Bus1.GTP-TOWER48.TF8-SS,BO:3003184,,,1128.0,29.9,1109.9,23.3,36.1,13.2,75.05,3.89,,
97,Value Display,NAE189/Field Bus1.GTP-TOWER23.TW23MU-V,AO:3002554,,,58.5,192.0,30.6,185.2,55.8,13.5,3.89,25.0,,
98,Value Display,NAE189/Field Bus1.GTP-CH4.CH4-CHWR-T,AI:3002876,,,665.5,576.0,648.7,568.7,33.6,14.5,44.28,75.0,,
99,Value Display,NAE45/Field Bus1.AH-2.BP-O,AO:3219413,,,1359.5,304.0,1344.5,297.4,30.0,13.2,90.45,39.58,,Point on NAE45 (outside the five controllers)
100,Value Display,NAE189/Field Bus1.GTP-LP.Parameters.LPSC-LOL,AV:3002688,,,598.5,726.0,576.6,720.1,43.8,11.8,39.82,94.53,,
101,Value Display,NAE189/Field Bus1.GTP-CH1.CH1-CHWS-T,AI:3002731,,,157.5,558.0,140.7,550.7,33.6,14.5,10.48,72.66,,
102,Value Display,NAE189/Field Bus1.GTP-TOWER48.TW8-OADB,AI:3003166,,,1262.5,31.0,1246.5,23.9,32.1,14.2,84.0,4.04,,
103,Value Display,NAE189/Field Bus1.GTP-TOWER48.TW6-V,BO:3003172,,,812.5,144.0,795.5,137.7,34.0,12.6,54.06,18.75,,
104,Value Display,NAE189/Field Bus1.GTP-LP.CWMU-V2,AO:3002637,,,1140.5,709.0,1113.3,702.6,54.5,12.8,75.88,92.32,,
105,Value Display,NAE189/Field Bus1.GTP-LP.LCWS-P,AI:3002646,,,1456.5,718.0,1440.9,711.9,31.2,12.3,96.91,93.49,,
106,Value Display,NAE189/Field Bus2.BNET-CH1.AV-6,AV:3006795,,,63.5,558.0,53.4,552.0,20.2,12.0,4.22,72.66,,
107,Value Display,NAE189/Field Bus2.BNET-CH4.EVAPORATOR PRESSURE,AV:3007433,,,608.5,467.0,586.5,460.3,44.0,13.3,40.49,60.81,,
108,Value Display,NAE189/Field Bus1.GTP-CH4.Parameters.CH4-RDY-TO-RUN,MV:3002898,,,698.6,379.9,681.7,372.8,33.7,14.2,46.48,49.46,,
109,Value Display,NAE189/Field Bus1.GTP-TOWER48.TW48MU-V,AO:3003150,,,738.5,254.0,710.6,247.2,55.8,13.5,49.14,33.07,,
110,Value Display,NAE189/Field Bus1.GTP-LP.BCWR-T5,AI:3004345,,,1179.5,584.0,1165.6,577.9,27.8,12.3,78.48,76.04,,
111,Value Display,NAE189/Field Bus1.GTP-BP.EMCWR-T,AI:3002508,,,1234.5,333.0,1220.6,326.9,27.8,12.3,82.14,43.36,,
112,Value Display,NAE189/Field Bus2.BNET-CH1.AV-112,AV:3006818,,,56.0,462.9,36.5,456.2,39.0,13.2,3.73,60.27,,
113,Value Display,NAE189/Field Bus2.BNET-CH3.TURBINE INLET STEAM TEMP,AV:3007343,,,511.5,429.0,494.7,422.0,33.6,14.0,34.03,55.86,,
114,Value Display,NAE189/Field Bus1.GTP-TOWER48.TF5-SC,AO:3003200,,,717.5,45.0,699.5,38.4,36.1,13.2,47.74,5.86,,
115,Value Display,NAE189/Field Bus1.GTP-LP.LP1-SS,BO:3002645,,,301.5,675.9,283.5,669.3,36.1,13.2,20.06,88.01,,
116,Value Display,NAE189/Field Bus1.GTP-CH5.CH5-CHWS-T,AI:3002923,,,1074.5,576.0,1057.7,568.7,33.6,14.5,71.49,75.0,,
117,Value Display,NAE189/Field Bus1.GTP-TOWER23.TW3R-T,AI:3002567,,,53.5,145.0,36.7,137.7,33.6,14.5,3.56,18.88,,
118,Value Display,NAE189/Field Bus1.GTP-TOWER23.TW23BYP-V,AO:3002572,,,168.5,183.0,140.6,176.2,55.8,13.5,11.21,23.83,,
119,Value Display,NAE189/Field Bus1.GTP-CH4.Parameters.CH4-LOAD,AV:3002885,,,629.5,410.9,598.5,401.9,62.0,18.0,41.88,53.5,,
120,Value Display,NAE189/Field Bus1.GTP-TRT23.TW23-CHMP-SC,AO:3002526,,,451.5,294.2,433.5,287.6,36.1,13.2,30.04,38.31,,
121,Value Display,NAE189/Field Bus1.GTP-CH3.CH3-CHWR-T,AI:3002762,,,350.5,560.0,333.7,552.7,33.6,14.5,23.32,72.92,,
122,Value Display,NAE189/Programming.PCW Data.GTP-COMP-HkWpTon,AV:3004340,,,1450.5,201.0,1431.0,193.7,39.0,14.6,96.51,26.17,,
123,Value Display,NAE189/Field Bus1.GTP-TOWER48.TW6R-T,AI:3003157,,,813.5,165.0,796.7,157.7,33.6,14.5,54.13,21.48,,
124,Value Display,NAE189/Field Bus1.GTP-CH1.CH1-HAND,BI:3002725,,,85.1,432.0,72.4,427.5,25.4,9.0,5.66,56.25,,
125,Value Display,NAE189/Field Bus1.GTP-CH4.Parameters.CH4-%LOAD,AV:3002882,,,628.5,429.0,598.5,422.1,60.0,13.7,41.82,55.86,,
126,Value Display,NAE189/Programming.PCW Data.GTP-AUX-KWpTon,AV:3002838,,,1450.5,220.0,1431.0,212.7,39.0,14.6,96.51,28.65,,
127,Value Display,NAE189/Field Bus1.GTP-TOWER48.TF7-SS,BO:3003176,,,989.5,31.0,971.5,24.4,36.1,13.2,65.83,4.04,,
128,Value Display,NAE189/Field Bus1.GTP-LP.LP2-SS,BO:3002649,,,215.5,676.0,197.5,669.4,36.1,13.2,14.34,88.02,,
129,Value Display,NAE189/Field Bus1.GTP-TOWER48.TF8-SC,AO:3003152,,,1128.0,43.9,1109.9,37.3,36.1,13.2,75.05,5.71,,
130,Value Display,NAE189/Field Bus1.GTP-BP.INCWS-T1,AI:3002494,,,1238.5,414.0,1224.6,407.9,27.8,12.3,82.4,53.91,,
131,Value Display,NAE189/Field Bus1.GTP-TRT23.TW23-BLW-F,AI:3002525,,,45.5,282.0,28.2,277.0,34.5,10.0,3.03,36.72,,
132,Value Display,NAE189/Field Bus1.GTP-AH5.AH5 BCWR-T2,AI:3002997,,,1369.5,439.0,1355.6,432.9,27.8,12.3,91.12,57.16,,
133,Value Display,NAE189/Field Bus1.GTP-CH5.CH5-HAND,BI:3002916,,,950.5,533.9,933.8,528.5,33.4,10.8,63.24,69.52,,
134,Value Display,NAE189/Field Bus1.GTP-BP.EMCWS-T,AI:3002498,,,1229.5,349.0,1215.6,342.9,27.8,12.3,81.8,45.44,,
135,Value Display,NAE189/Field Bus1.GTP-TOWER23.Parameters.TBV-TWST-WSP,AV:3002596,,,285.5,240.3,267.5,234.5,36.1,11.6,19.0,31.29,,
136,Value Display,NAE189/Field Bus1.GTP-LP.PCWR-T-Calc,AV:3004346,,,1175.5,615.0,1158.7,607.7,33.6,14.5,78.21,80.08,,
137,Value Display,NAE189/Field Bus2.BNET-CH4.AV-5,AV:3007431,,,782.5,576.0,770.8,570.0,23.5,12.0,52.06,75.0,,
138,Value Display,NAE189/Field Bus1.GTP-LP.CW-BLWDWN,BO:3002712,,,1251.5,722.0,1234.5,715.7,34.0,12.6,83.27,94.01,,
139,Value Display,NAE189/Field Bus1.GTP-TRT48.TW48-INHIB,AI:3002974,,,1271.5,198.0,1249.6,191.7,43.8,12.6,84.6,25.78,,
140,Value Display,NAE189/Field Bus1.GTP-TRT48.CLO2GEN-OUTLET,,,,1456.5,678.0,1443.4,672.5,26.3,11.0,96.91,88.28,,Bound object not found in Metasys (broken binding)
141,Value Display,NAE189/Field Bus1.GTP-TRT23.TW23-FCL,AI:3002517,,,438.5,214.0,416.6,207.7,43.8,12.6,29.17,27.86,,
142,Value Display,NAE189/Field Bus1.GTP-CH4.CH4-CHWS-T,AI:3002868,,,751.5,576.0,734.7,568.7,33.6,14.5,50.0,75.0,,
143,Value Display,NAE189/Field Bus1.GTP-TOWER48.TW7-V,BO:3003180,,,948.5,144.0,931.5,137.7,34.0,12.6,63.11,18.75,,
144,Value Display,NAE189/Field Bus1.GTP-CH3.CH3-TP3-SC,AO:3002765,,,309.5,315.6,291.5,309.3,36.1,12.6,20.59,41.1,,
145,Value Display,NAE189/Field Bus1.GTP-BP.INCW-F,AI:3002506,,,1242.1,388.0,1224.8,381.5,34.8,13.0,82.64,50.52,,
146,Value Display,NAE189/Field Bus1.GTP-CH5.CH5-STMBLW-V,AO:3002930,,,1118.5,451.0,1093.5,445.0,50.0,12.0,74.42,58.72,,
147,Value Display,NAE189/Field Bus1.GTP-AH4.CLG-O,AO:3002380,,,1398.5,559.0,1380.5,552.4,36.1,13.2,93.05,72.79,,
148,Value Display,NAE189/Field Bus1.GTP-TRT23.TW23-ORP,AI:3002522,,,438.5,233.0,416.6,226.7,43.8,12.6,29.17,30.34,,
149,Value Display,NAE189/Field Bus1.GTP-TOWER48.TW48R-T,AI:3003192,,,818.5,190.0,801.7,182.7,33.6,14.5,54.46,24.74,,
150,Value Display,NAE189/Field Bus1.GTP-CH3.CH3-TP3-SS,BO:3002766,,,309.5,301.9,291.5,295.6,36.1,12.6,20.59,39.31,,
151,Value Display,NAE189/Field Bus1.GTP-CH1.CH1-TP2-SC,AO:3002740,,,136.5,301.0,118.5,294.7,36.1,12.6,9.08,39.19,,
152,Value Display,NAE189/Field Bus1.GTP-AH5.AH5 BCW-F,AI:3003009,,,1313.5,469.0,1296.3,463.6,34.4,10.7,87.39,61.07,,
153,Value Display,NAE189/Field Bus1.GTP-CH5.CH5-TW-V,AO:3002928,,,949.7,329.0,919.3,322.2,60.9,13.5,63.19,42.84,,
154,Value Display,NAE189/Field Bus1.GTP-TOWER48.TP5-SS,BO:3003202,,,1118.5,246.0,1100.5,239.4,36.1,13.2,74.42,32.03,,
155,Value Display,NAE189/Field Bus1.GTP-AH3.AH3CW-F,AI:3002848,,,1401.6,541.0,1380.5,535.7,42.3,10.6,93.25,70.44,,
156,Value Display,NAE189/Field Bus2.BNET-CH3.AV-5,AV:3007336,,,451.5,560.0,441.4,554.0,20.2,12.0,30.04,72.92,,
157,Value Display,NAE189/Field Bus1.GTP-TRT48.TW48-CHMP-SS,BO:3002981,,,1224.5,286.6,1209.5,280.0,30.0,13.2,81.47,37.32,,
158,Value Display,NAE189/Field Bus1.GTP-AH5.AH5 OA-RH,AI:3003006,,,1326.5,113.0,1310.5,105.9,32.1,14.2,88.26,14.71,,
159,Value Display,NAE189/Field Bus1.GTP-CH5.CH5-ENABLE,BO:3002926,,,950.5,547.9,930.9,541.7,39.2,12.4,63.24,71.35,,
160,Value Display,NAE189/Field Bus1.GTP-CH1.CH1-ENABLE,BO:3002738,,,85.1,442.0,69.9,437.5,30.4,9.0,5.66,57.55,,
161,Value Display,NAE189/Field Bus1.GTP-CH3.Parameters.CH3-sRATE,AV:3002805,,,305.0,446.0,293.5,439.8,23.0,12.5,20.29,58.07,,
162,Value Display,NAE189/Field Bus1.GTP-LP.Parameters.LP-MINLP-DP,AV:3003612,,,479.5,711.0,452.2,704.2,54.5,13.5,31.9,92.58,,
163,Value Display,NAE189/Field Bus1.GTP-AH3.CLG-O,AO:3003010,,,1398.5,527.0,1380.5,520.4,36.1,13.2,93.05,68.62,,
164,Value Display,NAE189/Field Bus1.GTP-CH4.CH4-CP4-SC,AO:3002872,,,656.5,612.0,638.5,605.4,36.1,13.2,43.68,79.69,,
165,Value Display,NAE189/Field Bus1.GTP-TOWER48.TW8S-T,AI:3003209,,,1157.5,165.0,1140.7,157.7,33.6,14.5,77.01,21.48,,
166,Value Display,NAE189/Field Bus1.GTP-TRT48.TW48-CHMP-SC,AO:3002984,,,1224.5,300.0,1209.5,293.4,30.0,13.2,81.47,39.06,,
167,Value Display,NAE189/Field Bus1.GTP-AH5.AH5 ZN-T,AI:3002999,,,360.5,327.4,345.9,318.8,29.2,17.2,23.99,42.63,,
168,Value Display,NAE189/Field Bus1.GTP-TRT23.TW23-PH,AI:3002520,,,438.5,158.0,416.6,151.7,43.8,12.6,29.17,20.57,,
169,Value Display,NAE189/Field Bus1.GTP-TOWER48.TF4-SS,BO:3003194,,,584.5,32.0,566.5,25.4,36.1,13.2,38.89,4.17,,
170,Value Display,NAE189/Field Bus1.GTP-BP.BCW-F1,AI:3002507,,,1291.6,553.2,1273.8,547.5,35.8,11.5,85.94,72.04,,
171,Value Display,NAE189/Field Bus1.GTP-CH1.Parameters.CH1-eRATE,AV:3002787,,,82.5,526.0,70.5,519.8,24.0,12.5,5.49,68.49,,
172,Value Display,NAE189/Field Bus1.GTP-TOWER48.TW6S-T,AI:3003207,,,885.5,165.0,868.7,157.7,33.6,14.5,58.92,21.48,,
173,Value Display,NAE189/Field Bus1.GTP-TRT48.TW48-BLW-F,AI:3006840,,,573.5,220.0,556.2,215.0,34.5,10.0,38.16,28.65,,
174,Value Display,NAE189/Field Bus1.GTP-TRT23.TW23-BLWDWN,BO:3002524,,,51.5,307.0,34.5,300.7,34.0,12.6,3.43,39.97,,
175,Value Display,NAE189/Field Bus1.GTP-BP.Parameters.GTP INCW-LOAD,AV:3002529,,,1436.5,410.0,1397.8,401.5,77.5,17.0,95.58,53.39,,
176,Value Display,NAE189/Field Bus1.GTP-CH1.CH1-TWR-T,AI:3002728,,,55.5,388.0,38.7,380.7,33.6,14.5,3.69,50.52,,
177,Value Display,NAE189/Field Bus1.GTP-LP.LP3-SC,AO:3002631,,,141.5,691.1,123.5,684.5,36.1,13.2,9.41,89.98,,
178,Value Display,NAE189/Programming.PCW Data.GTP-TP-KWpTon,AV:3002841,,,1450.5,277.0,1431.0,269.7,39.0,14.6,96.51,36.07,,
179,Value Display,NAE189/Field Bus1.GTP-BP.BP2-SC,AO:3002509,,,1270.5,578.0,1256.1,573.4,28.8,9.2,84.53,75.26,,
180,Value Display,NAE189/Field Bus1.GTP-CH5.CH5-TWS-T,AI:3002921,,,858.7,359.0,841.9,351.7,33.6,14.5,57.14,46.74,,
181,Value Display,NAE189/Field Bus1.GTP-CH3.CH3-HAND,BI:3002747,,,316.0,520.7,300.3,516.0,31.4,9.5,21.02,67.8,,
182,Value Display,NAE189/Field Bus1.GTP-TOWER48.TW5S-T,AI:3003206,,,748.5,165.0,731.7,157.7,33.6,14.5,49.8,21.48,,
183,Value Display,NAE189/Field Bus1.GTP-LP.Parameters.LP-MINLP-DP-RS,AV:3003614,,,486.0,726.0,465.2,719.2,41.5,13.5,32.34,94.53,,
184,Value Display,NAE189/Field Bus1.GTP-TOWER23.TW23S-T,AI:3002562,,,176.5,238.0,157.5,229.9,38.0,16.3,11.74,30.99,,
185,Value Display,NAE189/Field Bus1.GTP-TOWER23.TW23-TRASAR-INTLCK,BO:3019716,,,355.5,232.0,337.5,225.4,36.1,13.2,23.65,30.21,,
186,Value Display,NAE189/Field Bus1.GTP-TOWER48.TW4-LVL,AI:3003151,,,638.5,103.0,619.4,96.1,38.2,13.7,42.48,13.41,,
187,Value Display,NAE189/Field Bus1.GTP-TOWER48.TF5-SS,BO:3003173,,,717.5,31.0,699.5,24.4,36.1,13.2,47.74,4.04,,
188,Value Display,NAE189/Field Bus1.GTP-TOWER48.TW4-OADB,AI:3003165,,,519.5,29.0,503.5,21.9,32.1,14.2,34.56,3.78,,
189,Value Display,NAE189/Field Bus1.GTP-AH3.DA-T,AI:3002370,,,1434.5,527.0,1419.0,520.4,31.0,13.2,95.44,68.62,,
190,Value Display,NAE189/Field Bus1.GTP-LP.LP4-SC,AO:3002632,,,62.5,691.1,44.5,684.5,36.1,13.2,4.16,89.98,,
191,Value Display,NAE189/Field Bus1.GTP-CH4.CH4-TWS-T,AI:3002866,,,532.5,359.0,515.7,351.7,33.6,14.5,35.43,46.74,,
192,Value Display,NAE189/Field Bus1.GTP-CH4.CH4-TW-V,AO:3002873,,,623.5,329.0,593.1,322.2,60.9,13.5,41.48,42.84,,
193,Value Display,NAE189/Field Bus1.GTP-LP.LCWR-P,AI:3002639,,,1456.5,629.0,1440.9,622.9,31.2,12.3,96.91,81.9,,
194,Value Display,NAE189/Field Bus1.GTP-LP.CWMU-F,AI:3002655,,,1141.5,659.0,1119.0,652.5,45.0,13.1,75.95,85.81,,
195,Value Display,NAE45/Programming.Weather Station.OAWB-T,AV:3021786,,,1448.5,121.0,1428.4,112.6,40.1,16.8,96.37,15.76,,Point on NAE45 (outside the five controllers)
196,Value Display,NAE189/Field Bus1.GTP-CH5.Parameters.Alarm Reset,MV:3002961,,,1079.5,375.0,1064.7,368.0,29.7,13.9,71.82,48.83,,
197,Value Display,NAE189/Field Bus1.GTP-BP.BP1-SS,BO:3002502,,,1275.5,516.0,1261.1,511.4,28.8,9.2,84.86,67.19,,
198,Value Display,NAE189/Field Bus1.GTP-AH3.ZN-T,AI:3002376,,,1468.5,527.0,1453.0,521.7,31.0,10.6,97.7,68.62,,
199,Value Display,NAE189/Field Bus1.GTP-CH3.CH3-TWS-T,AI:3002753,,,245.5,377.6,228.7,370.3,33.6,14.5,16.33,49.17,,
200,Value Display,NAE189/Field Bus1.GTP-TOWER48.TW8R-T,AI:3003159,,,1084.5,165.0,1067.7,157.7,33.6,14.5,72.16,21.48,,
201,Text Label,,,INLET COOLING,,1434.5,388.0,1391.0,380.0,87.0,16.0,95.44,50.52,,
202,Value Display,NAE189/Field Bus1.GTP-TOWER48.TW5R-T,AI:3003156,,,676.5,165.0,659.7,157.7,33.6,14.5,45.01,21.48,,
203,Value Display,NAE189/Field Bus1.GTP-CH3.CH3-STM-F,AI:3002745,,,461.5,480.0,438.6,472.8,45.9,14.5,30.71,62.5,,
204,Value Display,NAE189/Field Bus1.GTP-TOWER23.TW2F1-SS,BO:3002553,,,282.5,30.0,264.5,23.4,36.1,13.2,18.8,3.91,,
205,Value Display,NAE189/Field Bus1.GTP-TOWER48.TW8-OARH,AI:3003168,,,1262.5,45.0,1246.5,37.9,32.1,14.2,84.0,5.86,,
206,Value Display,NAE189/Field Bus1.GTP-CH5.Parameters.CH5-%LOAD,AV:3002935,,,953.9,430.1,923.9,423.2,60.0,13.7,63.46,56.0,,
207,Value Display,NAE189/Field Bus1.GTP-TOWER48.Parameters.TWMU-LVL-SP,AV:3003255,,,1194.0,95.0,1176.5,88.4,35.0,13.2,79.44,12.37,,
208,Value Display,NAE189/Field Bus1.GTP-BP.BCWR-T1,AI:3002504,,,1239.5,486.0,1225.6,479.9,27.8,12.3,82.47,63.28,,
209,Value Display,NAE189/Field Bus1.GTP-CH5.CH5-TWR-T1,AI:3002922,,,944.7,369.0,927.9,361.7,33.6,14.5,62.86,48.04,,
210,Value Display,NAE189/Field Bus1.GTP-TOWER48.Parameters.TW4-OAWB,AV:3003210,,,519.5,57.0,503.5,49.9,32.1,14.2,34.56,7.42,,
211,Value Display,NAE189/Field Bus1.GTP-TOWER23.TW2F2-SS,BO:3002552,,,351.5,30.0,333.5,23.4,36.1,13.2,23.39,3.91,,
212,Value Display,NAE189/Field Bus1.GTP-TOWER48.TW48BYP-V,AO:3003160,,,903.5,206.0,875.6,199.2,55.8,13.5,60.11,26.82,,
213,Value Display,NAE189/Programming.PCW Data.GTP-PCW-HkWpTon,AV:3002836,,,1450.5,180.0,1431.0,172.7,39.0,14.6,96.51,23.44,,
214,Value Display,NAE189/Field Bus1.GTP-CH1.CH1-TWS-T,AI:3002727,,,117.5,388.0,100.7,380.7,33.6,14.5,7.82,50.52,,
215,Value Display,NAE189/Field Bus1.GTP-CH1.CH1-CP1-SC,AO:3002736,,,72.5,582.0,54.5,575.4,36.1,13.2,4.82,75.78,,
216,Value Display,NAE189/Field Bus1.GTP-TOWER48.TW48S-T,AI:3003193,,,986.5,207.0,969.7,199.7,33.6,14.5,65.64,26.95,,
217,Value Display,NAE189/Field Bus1.GTP-CH5.Parameters.CH5-RDY-TO-RUN,MV:3002950,,,1024.8,379.8,1007.9,372.7,33.7,14.2,68.18,49.46,,
218,Value Display,NAE189/Field Bus1.GTP-AH4.ZN-T,AI:3002378,,,1468.5,559.0,1453.0,553.7,31.0,10.6,97.7,72.79,,
219,Value Display,NAE189/Field Bus1.GTP-TOWER48.TW48MU-F,AI:3003161,,,654.5,252.0,632.6,245.5,43.8,13.0,43.55,32.81,,
220,Value Display,NAE189/Field Bus1.GTP-TOWER48.TW4R-T,AI:3003155,,,547.5,165.0,530.7,157.7,33.6,14.5,36.43,21.48,,
221,Value Display,NAE189/Field Bus1.GTP-TOWER23.TW3-LVL,AI:3002547,,,199.5,92.0,180.4,85.1,38.2,13.7,13.27,11.98,,
222,Value Display,NAE189/Field Bus1.GTP-CH3.CH3-AUTO,BI:3002744,,,316.0,510.0,300.3,505.2,31.4,9.5,21.02,66.41,,
223,Value Display,NAE189/Field Bus1.GTP-BP.BP2-SS,BO:3002505,,,1270.5,569.0,1256.1,564.4,28.8,9.2,84.53,74.09,,
224,Value Display,NAE189/Field Bus1.GTP-CH5.CH5-STM-F,AI:3002914,,,1112.5,481.0,1088.4,473.5,48.2,15.0,74.02,62.63,,
225,Value Display,NAE189/Field Bus1.GTP-AH4.DA-T,AI:3002382,,,1434.5,559.0,1419.0,552.4,31.0,13.2,95.44,72.79,,
226,Value Display,NAE189/Field Bus1.GTP-TOWER23.TW23MU-F,AI:3002573,,,49.5,224.5,29.9,219.0,39.2,11.0,3.29,29.23,,
227,Value Display,NAE189/Field Bus1.GTP-CH5.CH5-STM-P,AI:3002915,,,1114.5,532.0,1095.8,525.5,37.5,13.0,74.15,69.27,,
228,Value Display,NAE189/Field Bus2.BNET-CH5.AV-5,AV:3008227,,,1105.5,576.0,1093.8,570.0,23.5,12.0,73.55,75.0,,
229,Value Display,NAE189/Field Bus1.GTP-CH5.CH5-STM-T,AI:3002918,,,1103.5,509.0,1086.7,501.7,33.6,14.5,73.42,66.28,,
230,Value Display,NAE189/Field Bus1.GTP-LP.LP4-SS,BO:3002653,,,62.5,676.0,44.5,669.4,36.1,13.2,4.16,88.02,,
231,Value Display,NAE189/Field Bus1.GTP-TOWER48.TRASAR-INTLCK,BO:3019501,,,1182.5,236.0,1164.5,229.4,36.1,13.2,78.68,30.73,,
232,Value Display,NAE189/Field Bus1.GTP-AH2.DA-T,AI:3002393,,,1434.5,507.0,1419.0,500.4,31.0,13.2,95.44,66.02,,
233,Value Display,NAE189/Field Bus1.GTP-BP.BCW-DP,AI:3002503,,,1316.5,528.0,1295.3,521.2,42.5,13.6,87.59,68.75,,
234,Value Display,NAE189/Field Bus1.GTP-CH1.CH1-TP2-SS,BO:3002739,,,136.5,287.6,118.5,281.3,36.1,12.6,9.08,37.45,,
235,Value Display,NAE189/Field Bus1.GTP-TRT23.TW23-CHMP-SS,BO:3002523,,,451.5,280.0,433.5,273.4,36.1,13.2,30.04,36.46,,
236,Value Display,NAE189/Field Bus2.BNET-CH3.TURBINE SPEED,AV:3007348,,,374.0,434.0,349.5,426.7,49.0,14.7,24.88,56.51,,
237,Value Display,NAE189/Field Bus1.GTP-TRT48.TW48-CHMP-F,AI:3004344,,,1166.5,258.0,1149.4,253.0,34.2,10.0,77.61,33.59,,
238,Value Display,NAE189/Field Bus1.GTP-LP.LP2-SC,AO:3002652,,,215.5,691.1,197.5,684.5,36.1,13.2,14.34,89.98,,
239,Value Display,NAE189/Field Bus1.GTP-CH5.Parameters.CH5-LOAD,AV:3002934,,,954.9,412.0,923.9,403.0,62.0,18.0,63.53,53.64,,
240,Value Display,NAE189/Field Bus2.BNET-CH3.TURBINE INLET STEAM PRES,AV:3007344,,,458.5,429.0,442.9,422.9,31.2,12.3,30.51,55.86,,
241,Value Display,NAE189/Field Bus2.BNET-CH4.GOVERNOR VLV POS,AV:3007495,,,772.5,395.0,743.6,387.6,57.9,14.8,51.4,51.43,,
242,Value Display,NAE189/Field Bus1.GTP-LP.Parameters.PCWF-WSP,AV:3002694,,,479.5,696.0,452.2,688.5,54.5,15.0,31.9,90.62,,
243,Value Display,NAE189/Field Bus2.BNET-CH4.TURBINE INLET STEAM PRES,AV:3007439,,,784.5,428.0,765.8,421.5,37.5,13.0,52.2,55.73,,
244,Value Display,NAE189/Field Bus2.BNET-CH5.GOVERNOR VLV POS,AV:3008291,,,1096.5,395.0,1067.6,387.6,57.9,14.8,72.95,51.43,,
245,Value Display,NAE189/Field Bus1.GTP-LP.LCWR-T,AI:3002654,,,1410.5,580.0,1393.7,572.7,33.6,14.5,93.85,75.52,,
246,Value Display,NAE189/Field Bus1.GTP-CH1.CH1-CHWR-T,AI:3002732,,,91.5,558.0,74.7,550.7,33.6,14.5,6.09,72.66,,
247,Value Display,NAE189/Field Bus1.GTP-TOWER48.TW4-OARH,AI:3003167,,,519.5,43.0,503.5,35.9,32.1,14.2,34.56,5.6,,
248,Value Display,NAE189/Field Bus1.GTP-TOWER23.TW3F2-SS,BO:3002557,,,140.5,30.0,122.5,23.4,36.1,13.2,9.35,3.91,,
249,Text Label,,,BW,,1273.5,633.0,1263.5,628.2,20.0,9.5,84.73,82.42,,
250,Value Display,NAE189/Field Bus1.GTP-TOWER48.TW5-LVL,AI:3003153,,,774.5,103.0,755.4,96.1,38.2,13.7,51.53,13.41,,
251,Value Display,NAE189/Field Bus1.GTP-TOWER48.TW5-V,BO:3003171,,,676.5,144.0,659.5,137.7,34.0,12.6,45.01,18.75,,
252,Value Display,NAE189/Field Bus1.GTP-AH5.AH5-OADB-T,AI:3003007,,,1326.5,97.0,1310.5,89.9,32.1,14.2,88.26,12.63,,
253,Value Display,NAE189/Field Bus2.BNET-CH4.ENTERING CHW TEMP,AV:3007432,,,635.3,576.0,623.6,570.0,23.5,12.0,42.27,75.0,,
254,Value Display,NAE189/Field Bus1.GTP-CH4.Parameters.Alarm Reset,MV:3002909,,,754.5,374.0,739.7,367.0,29.7,13.9,50.2,48.7,,
255,Value Display,NAE189/Field Bus1.GTP-TOWER48.TF7-SC,AO:3003203,,,989.5,45.0,971.5,38.4,36.1,13.2,65.83,5.86,,
256,Value Display,NAE189/Field Bus1.GTP-CH3.CH3-CHWS-T,AI:3002755,,,424.5,560.0,407.7,552.7,33.6,14.5,28.24,72.92,,
257,Value Display,NAE189/Field Bus2.BNET-CH5.ENTERING CHW TEMP,AV:3008228,,,955.2,576.0,943.4,570.0,23.5,12.0,63.55,75.0,,
258,Value Display,NAE189/Field Bus1.GTP-TOWER23.Parameters.TWMU-LVL-SP,AV:3002599,,,411.4,81.4,393.3,74.8,36.1,13.2,27.37,10.6,,
259,Value Display,NAE189/Field Bus1.GTP-TRT23.TW23-COND,AI:3002521,,,438.5,177.0,416.6,170.7,43.8,12.6,29.17,23.05,,
260,Value Display,NAE189/Field Bus1.GTP-TOWER48.TW7-LVL,AI:3003163,,,1046.5,103.0,1027.4,96.1,38.2,13.7,69.63,13.41,,
261,Value Display,NAE189/Field Bus1.GTP-TRT48.TW48-FCL,AI:3002975,,,1271.5,218.0,1249.6,211.7,43.8,12.6,84.6,28.39,,
262,Value Display,NAE189/Field Bus1.GTP-CH3.CH3-CP3-SC,AO:3002759,,,334.5,586.0,316.5,579.4,36.1,13.2,22.26,76.3,,
263,Value Display,NAE189/Field Bus1.GTP-TRT48.TW48-COND,AI:3002979,,,1271.5,177.0,1249.6,170.7,43.8,12.6,84.6,23.05,,
264,Value Display,NAE45/Field Bus1.AH-2.BP-C,BO:3219186,,,1359.2,288.5,1344.2,281.8,30.0,13.2,90.43,37.56,,Point on NAE45 (outside the five controllers)
265,Value Display,NAE45/Field Bus1.AH-2.BV-O,AO:3219414,,,1296.8,347.9,1276.1,342.0,41.4,11.8,86.28,45.3,,Point on NAE45 (outside the five controllers)
266,Value Display,NAE189/Field Bus1.GTP-TOWER48.TF6-SS,BO:3003175,,,853.5,31.0,835.5,24.4,36.1,13.2,56.79,4.04,,
267,Value Display,NAE189/Field Bus1.GTP-TOWER23.TW2F1-SC,AO:3002564,,,282.5,44.0,264.5,37.4,36.1,13.2,18.8,5.73,,
268,Value Display,NAE189/Field Bus2.BNET-CH4.TURBINE SPEED,AV:3007443,,,696.0,425.9,669.5,418.6,53.0,14.7,46.31,55.46,,
269,Value Display,NAE189/Field Bus1.GTP-CH4.CH4-TWR-T1,AI:3002867,,,618.5,369.0,601.7,361.7,33.6,14.5,41.15,48.05,,
270,Value Display,NAE189/Field Bus1.GTP-CH4.CH4-STMBLW-V,AO:3002875,,,794.5,451.0,769.5,445.0,50.0,12.0,52.86,58.72,,
271,Value Display,NAE189/Field Bus1.GTP-CH3.CH3-STM-P,AI:3002746,,,462.5,525.0,446.9,518.9,31.2,12.3,30.77,68.36,,
272,Value Display,NAE189/Field Bus2.BNET-CH1.AV-40,AV:3006815,,,56.0,476.0,36.5,469.4,39.0,13.2,3.73,61.98,,
273,Value Display,NAE189/Field Bus1.GTP-CH3.Parameters.CH3-RDY-TO-RUN,MV:3002816,,,375.5,389.0,358.6,381.9,33.7,14.2,24.98,50.65,,
274,Value Display,NAE189/Field Bus1.GTP-TOWER48.TP4-SC,AO:3003196,,,1014.5,261.0,996.5,254.4,36.1,13.2,67.5,33.98,,
275,Value Display,NAE189/Field Bus2.BNET-CH5.ENTERING COND WATER TEMP,AV:3008232,,,828.5,359.0,816.8,353.0,23.5,12.0,55.12,46.74,,
276,Value Display,NAE189/Field Bus1.GTP-CH4.CH4-STM-P,AI:3002860,,,790.2,532.0,771.5,525.5,37.5,13.0,52.58,69.27,,
277,Value Display,NAE189/Field Bus1.GTP-TRT48.CW-SANDFLTR-BW-F,AI:3004461,,,1244.5,658.0,1222.8,652.0,43.5,12.0,82.8,85.68,,
278,Value Display,NAE189/Field Bus1.GTP-TOWER48.Parameters.TF-TWST-WSP,AV:3003254,,,1033.5,203.0,1015.9,197.2,35.1,11.5,68.76,26.43,,
279,Value Display,NAE45/Programming.Weather Station.OADB-T,AV:3021782,,,1448.5,80.0,1428.4,71.6,40.1,16.8,96.37,10.42,,Point on NAE45 (outside the five controllers)
280,Value Display,NAE189/Field Bus1.GTP-CH3.CH3-CHW-F,AI:3002751,,,431.5,591.0,407.8,584.5,47.5,13.0,28.71,76.95,,
281,Value Display,NAE189/Field Bus1.GTP-CH3.Parameters.CH3-LOAD,AV:3002802,,,321.5,416.0,293.5,408.0,56.0,16.0,21.39,54.17,,
282,Value Display,NAE189/Field Bus1.GTP-TOWER23.TW3S-T,AI:3002569,,,134.5,143.0,117.7,135.7,33.6,14.5,8.95,18.62,,
283,Value Display,NAE189/Field Bus1.GTP-CH1.Parameters.CH1-LOAD,AV:3002785,,,98.5,496.0,70.5,488.0,56.0,16.0,6.55,64.58,,
284,Value Display,NAE189/Field Bus1.GTP-CH5.Parameters.CH5-sRATE,AV:3002936,,,937.6,446.1,923.9,439.0,27.5,14.2,62.38,58.09,,
285,Value Display,NAE189/Field Bus1.GTP-TOWER23.TW3F2-SC,AO:3002565,,,140.5,44.0,122.5,37.4,36.1,13.2,9.35,5.73,,
286,Value Display,NAE189/Field Bus1.GTP-CH3.CH3-STM-T,AI:3002749,,,453.5,504.0,436.7,496.7,33.6,14.5,30.17,65.62,,
287,Value Display,NAE189/Field Bus1.GTP-TOWER23.TW23R-T,AI:3002561,,,333.5,144.0,316.7,136.7,33.6,14.5,22.19,18.75,,
288,Value Display,NAE189/Field Bus1.GTP-CH5.CH5-CP5-SC,AO:3002927,,,979.4,612.0,961.3,605.4,36.1,13.2,65.16,79.69,,
289,Value Display,NAE189/Field Bus1.GTP-CH4.CH4-ENABLE,BO:3002871,,,625.5,548.0,605.9,541.8,39.2,12.4,41.62,71.35,,
290,Value Display,NAE189/Field Bus1.GTP-CH4.CH4-STM-T,AI:3002863,,,778.2,509.0,761.5,501.7,33.6,14.5,51.78,66.28,,
291,Value Display,NAE189/Field Bus1.GTP-TOWER48.TF4-SC,AO:3003198,,,584.5,46.0,566.5,39.4,36.1,13.2,38.89,5.99,,
292,Value Display,NAE189/Field Bus1.GTP-CH1.CH1-CHW-F,AI:3002730,,,168.5,582.0,144.8,575.5,47.5,13.0,11.21,75.78,,
293,Value Display,NAE189/Field Bus1.GTP-CH3.CH3-ENABLE,BO:3002758,,,316.0,531.6,298.8,526.2,34.5,10.8,21.02,69.22,,
294,Value Display,NAE189/Field Bus1.GTP-TOWER23.TW2F2-SC,AO:3002560,,,351.5,44.0,333.5,37.4,36.1,13.2,23.39,5.73,,
295,Value Display,NAE189/Field Bus2.BNET-CH5.TURBINE INLET STEAM PRES,AV:3008235,,,1108.5,428.0,1089.8,421.5,37.5,13.0,73.75,55.73,,
296,Value Display,NAE189/Field Bus1.GTP-TOWER23.TW3F1-SS,BO:3002556,,,76.5,30.0,58.5,23.4,36.1,13.2,5.09,3.91,,
297,Value Display,NAE189/Field Bus1.GTP-LP.CWMU-V1,AO:3002636,,,1140.5,679.0,1113.3,672.6,54.5,12.8,75.88,88.41,,
298,Value Display,NAE189/Field Bus1.GTP-TRT23.TW23-INHIB,AI:3002516,,,438.5,195.0,416.6,188.7,43.8,12.6,29.17,25.39,,
299,Value Display,NAE189/Field Bus1.GTP-CH4.CH4-TW-F,AI:3002877,,,498.5,332.0,474.8,325.5,47.5,13.0,33.17,43.23,,
300,Value Display,NAE189/Field Bus1.GTP-LP.LP1-SC,AO:3002641,,,301.5,691.0,283.5,684.4,36.1,13.2,20.06,89.97,,
301,Value Display,NAE189/Field Bus1.GTP-AH2.CLG-O,AO:3002391,,,1398.5,507.0,1380.5,500.4,36.1,13.2,93.05,66.02,,
302,Value Display,NAE189/Field Bus1.GTP-CH5.CH5-AUTO,BI:3002913,,,950.5,520.9,933.8,515.5,33.4,10.8,63.24,67.83,,
303,Value Display,NAE189/Field Bus1.GTP-BP.BCWS-T,AI:3002499,,,1235.5,584.0,1221.6,577.9,27.8,12.3,82.2,76.04,,
304,Value Display,NAE189/Programming.PCW Data.GTP-CP-KWpTon,AV:3002839,,,1450.5,243.0,1431.0,235.7,39.0,14.6,96.51,31.64,,
305,Value Display,NAE189/Field Bus1.GTP-AH2.ZN-T,AI:3002398,,,1468.5,507.0,1453.0,501.7,31.0,10.6,97.7,66.02,,
306,Value Display,NAE189/Field Bus1.GTP-CH3.CH3-TWR-T1,AI:3002754,,,311.5,374.6,294.7,367.3,33.6,14.5,20.73,48.78,,
307,Value Display,NAE189/Field Bus1.GTP-CH3.Parameters.CH3-%LOAD,AV:3002803,,,318.5,432.0,293.5,425.4,50.0,13.2,21.19,56.25,,
308,Value Display,NAE189/Field Bus1.GTP-BP.INCWR-T,AI:3002496,,,1369.5,376.0,1355.6,369.9,27.8,12.3,91.12,48.96,,
309,Value Display,NAE189/Field Bus1.GTP-TOWER48.Parameters.TWFlow-WSP,AV:3004342,,,820.5,277.0,793.2,269.5,54.5,15.0,54.59,36.07,,
310,Value Display,NAE189/Field Bus1.GTP-TRT48.TW48-BLWDWN,BO:3002982,,,580.0,243.0,563.0,236.7,34.0,12.6,38.59,31.64,,
311,Value Display,NAE189/Field Bus2.BNET-CH3.ENTERING CHW TEMP,AV:3007337,,,322.5,559.0,312.4,553.0,20.2,12.0,21.46,72.79,,
312,Value Display,NAE189/Field Bus1.GTP-CH5.CH5-TWR-T2,AI:3002925,,,932.7,352.0,915.9,344.7,33.6,14.5,62.06,45.83,,
313,Value Display,NAE189/Field Bus1.GTP-CH5.CH5-CHWR-T,AI:3002931,,,987.4,576.0,970.6,568.7,33.6,14.5,65.69,75.0,,
314,Value Display,NAE189/Field Bus1.GTP-TRT48.TW48-ORP,AI:3002980,,,1271.5,237.0,1249.6,230.7,43.8,12.6,84.6,30.86,,
315,Value Display,NAE189/Field Bus1.GTP-LP.Parameters.LPSC-HIL,AV:3002703,,,598.5,710.0,576.6,704.1,43.8,11.8,39.82,92.45,,
316,Value Display,NAE189/Field Bus1.GTP-CH5.CH5-CHW-F,AI:3002919,,,1086.5,602.0,1061.6,595.5,49.8,13.0,72.29,78.39,,
317,Value Display,NAE189/Field Bus1.GTP-TRT48.TW48-PH,AI:3002978,,,1271.5,160.0,1249.6,153.7,43.8,12.6,84.6,20.83,,
318,Value Display,NAE45/Field Bus1.AH-2.Parameters.CW-LOAD,AV:3219447,,,1435.5,355.0,1404.9,347.9,61.2,14.2,95.51,46.22,,Point on NAE45 (outside the five controllers)
319,Value Display,NAE189/Field Bus1.GTP-CH3.CH3-TWR-T2,AI:3002757,,,305.5,352.6,288.7,345.3,33.6,14.5,20.33,45.91,,
320,Value Display,NAE189/Field Bus1.GTP-TRT48.CW-PH,AI:3004335,,,1363.5,641.0,1346.0,635.3,34.9,11.3,90.72,83.46,,
321,Value Display,NAE189/Field Bus1.GTP-LP.PCW-F,AI:3002715,,,700.5,716.0,668.6,706.2,63.8,19.7,46.61,93.23,,
322,Value Display,NAE189/Field Bus1.GTP-TOWER48.TW7R-T,AI:3003158,,,949.5,165.0,932.7,157.7,33.6,14.5,63.17,21.48,,
323,Value Display,NAE189/Field Bus1.GTP-TOWER23.TW3F1-SC,AO:3002563,,,76.5,44.0,58.5,37.4,36.1,13.2,5.09,5.73,,
324,Value Display,NAE189/Field Bus1.GTP-AH5.Parameters.GTP AH5 OAWB-T,AV:3003320,,,1326.5,128.0,1310.5,120.9,32.1,14.2,88.26,16.67,,
325,Value Display,NAE189/Programming.PCW Data.GTP-LP-KWpTon,AV:3002840,,,1450.5,260.0,1431.0,252.7,39.0,14.6,96.51,33.85,,
326,Value Display,NAE45/Field Bus1.AH-2.BCW-F,AI:3219182,,,1284.5,320.0,1267.1,313.5,34.8,13.0,85.46,41.67,,Point on NAE45 (outside the five controllers)
327,Value Display,NAE189/Field Bus2.BNET-CH3.GOVERNOR VLV POS,AV:3007400,,,448.5,401.0,419.6,393.6,57.9,14.8,29.84,52.21,,
328,Value Display,NAE189/Field Bus1.GTP-LP.LP3-VLV,BO:3002716,,,129.5,714.5,112.5,708.2,34.0,12.6,8.62,93.03,,
329,Value Display,NAE189/Field Bus1.GTP-CH3.CH3-TW-F,AI:3002763,,,214.5,352.0,191.1,345.5,46.8,13.0,14.27,45.83,,
330,Value Display,NAE189/Field Bus1.GTP-AH5.AH5 SA-T,AI:3002998,,,1466.5,468.0,1451.0,461.4,31.0,13.2,97.57,60.94,,
331,Value Display,NAE189/Field Bus1.GTP-TOWER48.TW6-LVL,AI:3003154,,,910.5,103.0,891.4,96.1,38.2,13.7,60.58,13.41,,
332,Value Display,NAE189/Field Bus1.GTP-TRT23.TW23-CHMP-F,AI:3004343,,,340.4,254.0,323.2,249.0,34.2,10.0,22.65,33.07,,
333,Value Display,NAE189/Field Bus1.GTP-TRT48.CW-CLO2-S,BI:3002971,,,1456.5,665.0,1443.4,659.5,26.3,11.0,96.91,86.59,,
334,Value Display,NAE189/Field Bus1.GTP-TOWER48.TW8-V,BO:3003191,,,1084.5,144.0,1067.5,137.7,34.0,12.6,72.16,18.75,,
335,Value Display,NAE189/Field Bus1.GTP-TRT48.CW-COND,AI:3004336,,,1363.5,655.0,1346.0,649.3,34.9,11.3,90.72,85.29,,
336,Value Display,NAE189/Field Bus1.GTP-CH1.Parameters.TWFlow-WSP,AV:3002845,,,144.5,329.0,120.9,322.8,47.2,12.5,9.61,42.84,,
337,Value Display,NAE189/Field Bus1.GTP-TRT48.CW-CHMP-SS,BO:3004339,,,1349.5,623.0,1337.3,618.4,24.4,9.2,89.79,81.12,,
338,Value Display,NAE189/Field Bus1.GTP-CH4.Parameters.CH4-sRATE,AV:3002884,,,612.3,445.0,598.5,437.9,27.5,14.2,40.74,57.95,,
339,Value Display,NAE189/Field Bus1.GTP-LP.LP2-VLV,BO:3002713,,,205.5,714.5,188.5,708.2,34.0,12.6,13.67,93.03,,
340,Value Display,NAE189/Field Bus1.GTP-TOWER48.TW8-LVL,AI:3003164,,,1194.0,111.0,1174.9,104.1,38.2,13.7,79.44,14.45,,
341,Value Display,NAE189/Field Bus1.GTP-TOWER23.TW2S-T,AI:3002568,,,306.5,126.0,289.7,118.7,33.6,14.5,20.39,16.41,,
342,Value Display,NAE189/Field Bus1.GTP-LP.LP4-VLV,BO:3002711,,,52.5,714.5,35.5,708.2,34.0,12.6,3.49,93.03,,
343,Value Display,NAE189/Field Bus1.GTP-CH3.Parameters.Alarm Reset,MV:3002826,,,426.5,377.0,411.7,370.0,29.7,13.9,28.38,49.09,,
344,Value Display,NAE189/Field Bus1.GTP-LP.LCWS-P,AI:3002646,,,811.1,717.6,787.7,711.0,46.8,13.1,53.97,93.43,,
345,Value Display,NAE189/Field Bus1.GTP-CH1.Parameters.CH1-%LOAD,AV:3002786,,,98.5,512.0,70.5,505.4,56.0,13.2,6.55,66.67,,
346,Value Display,NAE189/Field Bus1.GTP-CH3.Parameters.TWFlow-WSP,AV:3004341,,,216.5,329.0,192.9,322.8,47.2,12.5,14.4,42.84,,
347,Value Display,NAE189/Field Bus1.GTP-TRT48.CW-FCL,,,,1363.5,669.0,1346.0,663.3,34.9,11.3,90.72,87.11,,Bound object not found in Metasys (broken binding)
348,Value Display,NAE189/Field Bus1.GTP-TOWER48.TP5-SC,AO:3003204,,,1118.5,261.0,1100.5,254.4,36.1,13.2,74.42,33.98,,
349,Value Display,NAE189/Field Bus1.GTP-AH5.AH5 CLG-VLV,AO:3003004,,,1431.5,468.0,1413.5,461.4,36.1,13.2,95.24,60.94,,
350,Value Display,NAE189/Field Bus1.GTP-TOWER48.TW7S-T,AI:3003208,,,1021.5,165.0,1004.7,157.7,33.6,14.5,67.96,21.48,,
351,Value Display,NAE189/Field Bus1.GTP-TOWER48.TF6-SC,AO:3003201,,,853.5,45.0,835.5,38.4,36.1,13.2,56.79,5.86,,
352,Value Display,NAE189/Field Bus1.GTP-CH3.CH3-STMBLW-V,BO:3004334,,,470.5,450.0,454.5,444.8,32.0,10.3,31.3,58.59,,
353,Value Display,NAE189/Field Bus2.BNET-CH1.AV-5,AV:3006794,,,185.5,558.0,175.4,552.0,20.2,12.0,12.34,72.66,,
354,Value Display,NAE189/Field Bus1.GTP-BP.BP1-SC,AO:3002500,,,1275.5,525.0,1261.1,520.4,28.8,9.2,84.86,68.36,,
355,Button (Link),,,Twr Trt,umc-em-adx/Graphics.Chilled Water.Chillers.Twr Trt GT CH1,495.5,125.0,467.6,115.4,55.8,19.1,32.97,16.28,,
356,Button (Link),,,CH4,NAE189/Field Bus1.GTP-CH4,676.5,544.0,657.2,535.0,38.5,18.0,45.01,70.83,Yes,
357,Button (Link),,,BNET-CH4,NAE189/Field Bus2.BNET-CH4,596.5,596.0,556.9,587.0,79.2,18.0,39.69,77.6,,
358,Button (Link),,,Twr Trt GT CH1,umc-em-adx/Graphics.Chilled Water.Chillers.Twr Trt GT CH1,1232.5,203.0,1219.0,157.8,27.0,90.5,82.0,26.43,Yes,
359,Button (Link),,,BP,NAE189/Field Bus1.GTP-BP,1236.5,517.0,1214.9,508.0,43.1,18.0,82.27,67.32,,
360,Button (Link),,,BNET-CH1,NAE189/Field Bus2.BNET-CH1,188.5,477.0,148.8,468.0,79.5,18.0,12.54,62.11,,
361,Button (Link),,,BNET-CH5,NAE189/Field Bus2.BNET-CH5,921.5,596.0,880.5,587.0,82.0,18.0,61.31,77.6,,
362,Button (Link),,,GTP-LP,NAE189/Field Bus1.GTP-LP,908.5,715.0,873.5,706.0,70.0,18.0,60.45,93.1,,
363,Button (Link),,,CH5,NAE189/Field Bus1.GTP-CH5,1001.5,543.0,983.8,534.0,35.4,18.0,66.63,70.7,Yes,
364,Button (Link),,,CH1,NAE189/Field Bus1.GTP-CH1,116.5,424.0,102.0,415.0,29.0,18.0,7.75,55.21,Yes,
365,Button (Link),,,CH3,NAE189/Field Bus1.GTP-CH3,350.5,528.0,333.5,519.0,34.0,18.0,23.32,68.75,Yes,
366,Button (Link),,,TOWER48,NAE189/Field Bus1.GTP-TOWER48,850.5,245.0,804.7,236.0,91.7,17.9,56.59,31.9,,
367,Button (Link),,,AH5,NAE189/Field Bus1.GTP-AH5,1400.2,462.0,1387.5,453.0,25.3,18.0,93.16,60.16,Yes,
368,Button (Link),,,BNET-CH3,NAE189/Field Bus2.BNET-CH3,508.5,564.0,468.4,555.0,80.1,18.0,33.83,73.44,,
369,Button (Link),,,GTP-AH3,NAE189/Field Bus1.GTP-AH3,1364.5,533.0,1349.4,521.0,30.2,24.0,90.79,69.4,Yes,
370,Button (Link),,,TOWER23,NAE189/Field Bus1.GTP-TOWER23,212.0,291.0,170.5,282.0,83.1,18.0,14.11,37.89,,
371,Value Display,NAE189/Field Bus2.BNET-CH1.AV-7,AV:3006796,,,45.0,493.0,26.5,486.7,37.0,12.6,2.99,64.19,,
372,Value Display,NAE189/Field Bus2.BNET-CH1.AV-21,AV:3006803,,,45.5,509.0,27.0,502.7,37.0,12.6,3.03,66.28,,
